E-Liquids,,,,,,
Blue Slush,E-Liquids > The King of Vapes,14.99,0mg,50ml,,70/30
Menthol,E-Liquids > The King of Vapes,14.99,0mg,50ml,,70/30
Blackcurrant Ice,E-Liquids > The King of Vapes,14.99,0mg,50ml,,70/30
Blackcurrant Lemon,E-Liquids > The King of Vapes,14.99,0mg,50ml,,70/30
Midnight Cool,E-Liquids > The King of Vapes,14.99,0mg,50ml,,70/30
Strawberry Bubblegum,E-Liquids > The King of Vapes,14.99,0mg,50ml,,70/30
Ice Menthol,E-Liquids > The King of Vapes,14.99,0mg,50ml,,70/30
Refreshing Blackcurrant ,E-Liquids > The King of Vapes,14.99,0mg,50ml,,70/30
Strawberry Kiwi and Bubblegum,E-Liquids > The King of Vapes,14.99,0mg,50ml,,70/30
Fresh Dessert,E-Liquids > The King of Vapes,19.99,0mg,80ml,,70/30
Red Swirl,E-Liquids > The King of Vapes,19.99,0mg,80ml,,70/30
Summer Fruits,E-Liquids > The King of Vapes,19.99,0mg,80ml,,70/30
Grape Fantasi,E-Liquids > The King of Vapes,19.99,0mg,80ml,,70/30
Passionfruit,E-Liquids > The King of Vapes,19.99,0mg,80ml,,70/30
Red Dawn Sherbert,E-Liquids > The King of Vapes,19.99,0mg,80ml,,70/30